d_m,maxdist_m,J_worst_m,theta2_worst_deg,in_Frec
880.0,912.863869,134.77081,34.530526,True
882.0,912.06618,134.321704,34.64569,True
884.0,911.272182,133.874979,34.761054,True
886.0,910.481886,133.430622,34.87662,True
888.0,909.695299,132.988621,34.992385,True
890.0,908.912433,132.548963,35.108351,True
892.0,908.133297,132.111635,35.224516,True
894.0,907.3579,131.676625,35.34088,True
896.0,906.586252,131.243921,35.457443,True
898.0,905.818363,130.813511,35.574203,True
900.0,905.054242,130.385383,35.691162,True
902.0,904.293898,129.959525,35.808317,True
904.0,903.537342,129.535924,35.92567,True
906.0,902.784582,129.114569,36.043218,True
908.0,903.854532,128.695449,36.160962,True
910.0,905.854522,128.278551,36.278901,True
912.0,907.854513,127.863864,36.397035,True
914.0,909.854503,127.451377,36.515363,True
916.0,911.854494,127.041077,36.633885,True
918.0,913.854484,126.632954,36.7526,True
920.0,915.854475,126.226997,36.871507,True
922.0,917.854466,125.823193,36.990607,True
924.0,919.854457,125.421533,37.109897,True
926.0,921.854448,125.022004,37.229379,True
928.0,923.854438,124.624597,37.349051,True
930.0,925.854429,124.229299,37.468912,True
932.0,927.85442,123.836101,37.588963,True
934.0,929.854411,123.444991,37.709201,True
936.0,931.854402,123.055958,37.829628,True
938.0,933.854393,122.668993,37.950242,True
940.0,935.854384,122.284084,38.071043,True
942.0,937.854376,121.901221,38.192029,True
944.0,939.854367,121.520393,38.313201,True
946.0,941.854358,121.141591,38.434557,True
948.0,943.854349,120.764803,38.556097,True
950.0,945.85434,120.39002,38.677821,True
952.0,947.854332,120.017232,38.799727,True
954.0,949.854323,119.646428,38.921814,True
956.0,951.854315,119.277598,39.044084,True
958.0,953.854306,118.910732,39.166533,True
960.0,955.854297,118.545821,39.289162,True
962.0,957.854289,118.182854,39.411971,True
964.0,959.854281,117.821822,39.534957,True
966.0,961.854272,117.462715,39.658121,True
968.0,963.854264,117.105523,39.781462,True
970.0,965.854255,116.750237,39.904979,True
972.0,967.854247,116.396847,40.028671,True
974.0,969.854239,116.045344,40.152538,True
976.0,971.85423,115.695718,40.276578,True
978.0,973.854222,115.34796,40.400791,True
980.0,975.854214,115.00206,40.525176,True
982.0,977.854206,114.658009,40.649732,True
984.0,979.854198,114.315799,40.774459,True
986.0,981.85419,113.975419,40.899355,True
988.0,983.854182,113.636861,41.02442,True
990.0,985.854174,113.300116,41.149653,True
992.0,987.854166,112.965174,41.275053,True
994.0,989.854158,112.632027,41.400619,True
996.0,991.85415,112.300666,41.52635,True
998.0,993.854142,111.971082,41.652246,True
1000.0,995.854134,111.643267,41.778305,True
1002.0,997.854126,111.317211,41.904527,True
1004.0,999.854118,110.992906,42.03091,True
1006.0,1001.854111,110.670343,42.157455,False
1008.0,1003.854103,110.349513,42.284159,False
1010.0,1005.854095,110.030409,42.411021,False
1012.0,1007.854088,109.713021,42.538042,False
1014.0,1009.85408,109.397342,42.66522,False
1016.0,1011.854072,109.083362,42.792554,False
1018.0,1013.854065,108.771074,42.920043,False
1020.0,1015.854057,108.460469,43.047685,False
1022.0,1017.85405,108.151539,43.175481,False
1024.0,1019.854042,107.844276,43.303429,False
1026.0,1021.854035,107.538671,43.431528,False
1028.0,1023.854027,107.234717,43.559778,False
1030.0,1025.85402,106.932405,43.688176,False
1004.146,1000.0,110.969319,42.040135,boundary
