x,y,grid_J_file,direct_J,abs_diff_m,frec
840.0,-550.0,110.987,110.987391,0.000e+00,F_rec 内
970.0,20.0,885.065,885.064955,0.000e+00,F_rec 内
1000.0,-10.0,995.052,995.051892,0.000e+00,F_rec 内
700.0,-400.0,157.23,157.230135,0.000e+00,F_rec 内
600.0,200.0,284.957,284.956743,0.000e+00,F_rec 内
900.0,100.0,285.152,285.151798,0.000e+00,F_rec 内
1100.0,0.0,,,,F_rec 外
843.0,-545.0,,111.020695,,F_rec 内
500.0,-100.0,492.663,492.663003,0.000e+00,F_rec 内
950.0,-300.0,129.805,129.805174,0.000e+00,F_rec 内
1200.0,0.0,,,,F_rec 外
650.0,50.0,579.89,579.890312,0.000e+00,F_rec 内
200.0,400.0,272.646,272.646111,0.000e+00,F_rec 内
0.0,0.0,1495.003,1495.003056,0.000e+00,F_rec 内
300.0,800.0,,,,F_rec 外
100.0,300.0,365.622,365.622375,0.000e+00,F_rec 内
