r1_m,theta2_deg,gamma_deg,status,D_ideal_m,D_unclipped_cone_m
5.0,146.938411,146.938411,polygon,32.126324,37.122803
10.0,146.78146,146.78146,polygon,36.990644,41.987184
15.0,146.623186,146.623186,polygon,41.854979,46.851571
20.0,146.463572,146.463572,polygon,46.719324,51.71595
25.0,146.302606,146.302606,polygon,51.583675,56.580336
30.0,146.140272,146.140272,polygon,56.448033,61.444715
35.0,145.976555,145.976555,polygon,61.312394,62.631234
40.0,145.81144,145.81144,polygon,62.365277,62.365277
45.0,145.644913,145.644913,polygon,62.099842,62.099842
50.0,145.476957,145.476957,polygon,61.834937,61.834937
55.0,145.307557,145.307557,polygon,61.570567,61.570567
60.0,145.136698,145.136698,polygon,61.30674,61.30674
65.0,144.964364,144.964364,polygon,61.043463,61.043463
70.0,144.790538,144.790538,polygon,60.780742,60.780742
75.0,144.615204,144.615204,polygon,60.518587,60.518587
80.0,144.438347,144.438347,polygon,60.257003,60.257002
85.0,144.259949,144.259949,polygon,59.995998,59.995998
90.0,144.079994,144.079994,polygon,59.735579,59.735579
95.0,143.898465,143.898465,polygon,59.475755,59.475756
100.0,143.715345,143.715345,polygon,59.216534,59.216534
105.0,143.530616,143.530616,polygon,58.957922,58.957922
110.0,143.344262,143.344262,polygon,58.699929,58.699929
115.0,143.156264,143.156264,polygon,58.442563,58.442563
120.0,142.966605,142.966605,polygon,58.185831,58.185831
125.0,142.775267,142.775267,polygon,57.929742,57.929742
130.0,142.582232,142.582232,polygon,57.674305,57.674305
135.0,142.387482,142.387482,polygon,57.419529,57.419529
140.0,142.190999,142.190999,polygon,57.165421,57.165421
145.0,141.992763,141.992763,polygon,56.911992,56.911993
150.0,141.792756,141.792756,polygon,56.659251,56.659251
155.0,141.590959,141.590959,polygon,56.407206,56.407206
160.0,141.387353,141.387353,polygon,56.155867,56.155867
165.0,141.181919,141.181919,polygon,55.905244,55.905244
170.0,140.974638,140.974638,polygon,55.655345,55.655345
175.0,140.76549,140.76549,polygon,55.406182,55.406182
180.0,140.554454,140.554454,polygon,55.157764,55.157764
185.0,140.341513,140.341513,polygon,54.9101,54.9101
190.0,140.126644,140.126644,polygon,54.663202,54.663202
195.0,139.909829,139.909829,polygon,54.41708,54.41708
200.0,139.691047,139.691047,polygon,54.171744,54.171745
205.0,139.470278,139.470278,polygon,53.927205,53.927206
210.0,139.2475,139.2475,polygon,53.683474,53.683474
215.0,139.022694,139.022694,polygon,53.440562,53.440562
220.0,138.795838,138.795838,polygon,53.198481,53.198481
225.0,138.566912,138.566912,polygon,52.957241,52.957241
230.0,138.335894,138.335894,polygon,52.716854,52.716854
235.0,138.102764,138.102764,polygon,52.477331,52.477332
240.0,137.8675,137.8675,polygon,52.238686,52.238686
245.0,137.63008,137.63008,polygon,52.000929,52.000929
250.0,137.390484,137.390484,polygon,51.764074,51.764074
255.0,137.148689,137.148689,polygon,51.528132,51.528132
260.0,136.904674,136.904674,polygon,51.293116,51.293116
265.0,136.658417,136.658417,polygon,51.059039,51.059039
270.0,136.409896,136.409896,polygon,50.825914,50.825914
275.0,136.15909,136.15909,polygon,50.593754,50.593754
280.0,135.905977,135.905977,polygon,50.362573,50.362573
285.0,135.650534,135.650534,polygon,50.132383,50.132383
290.0,135.392739,135.392739,polygon,49.903199,49.903199
295.0,135.132572,135.132572,polygon,49.675034,49.675034
300.0,134.870008,134.870008,polygon,49.447904,49.447904
305.0,134.605027,134.605027,polygon,49.221821,49.221821
310.0,134.337606,134.337606,polygon,48.9968,48.996801
315.0,134.067724,134.067724,polygon,48.772857,48.772857
320.0,133.795358,133.795358,polygon,48.550006,48.550006
325.0,133.520486,133.520486,polygon,48.328262,48.328262
330.0,133.243087,133.243087,polygon,48.107641,48.107641
335.0,132.963139,132.963139,polygon,47.888158,47.888158
340.0,132.680619,132.680619,polygon,47.669828,47.669829
345.0,132.395506,132.395506,polygon,47.452669,47.452668
350.0,132.107779,132.107779,polygon,47.236695,47.236695
355.0,131.817417,131.817417,polygon,47.021923,47.021923
360.0,131.524397,131.524397,polygon,46.808369,46.80837
365.0,131.228699,131.228699,polygon,46.596052,46.596052
370.0,130.930303,130.930303,polygon,46.384987,46.384987
375.0,130.629186,130.629186,polygon,46.175191,46.175191
380.0,130.325329,130.325329,polygon,45.966682,45.966682
385.0,130.018712,130.018712,polygon,45.759478,45.759478
390.0,129.709314,129.709314,polygon,45.553596,45.553596
395.0,129.397116,129.397116,polygon,45.349055,45.349055
400.0,129.082099,129.082099,polygon,45.145872,45.145872
405.0,128.764243,128.764243,polygon,44.944066,44.944066
410.0,128.443529,128.443529,polygon,44.743656,44.743656
415.0,128.11994,128.11994,polygon,44.544661,44.544661
420.0,127.793457,127.793457,polygon,44.347099,44.347099
425.0,127.464064,127.464064,polygon,44.15099,44.15099
430.0,127.131742,127.131742,polygon,43.956353,43.956353
435.0,126.796475,126.796475,polygon,43.763207,43.763207
440.0,126.458247,126.458247,polygon,43.571574,43.571574
445.0,126.117044,126.117044,polygon,43.381472,43.381472
450.0,125.772849,125.772849,polygon,43.192923,43.192923
455.0,125.425648,125.425648,polygon,43.005945,43.005945
460.0,125.075428,125.075428,polygon,42.820561,42.820561
465.0,124.722176,124.722176,polygon,42.63679,42.63679
470.0,124.36588,124.36588,polygon,42.454655,42.454655
475.0,124.006527,124.006527,polygon,42.274175,42.274174
480.0,123.644107,123.644107,polygon,42.095372,42.095372
485.0,123.27861,123.27861,polygon,41.918267,41.918267
490.0,122.910026,122.910026,polygon,41.742883,41.742883
495.0,122.538348,122.538348,polygon,41.569241,41.569241
500.0,122.163567,122.163567,polygon,41.397363,41.397363
505.0,121.785678,121.785678,polygon,41.227271,41.227271
510.0,121.404674,121.404674,polygon,41.058987,41.058987
515.0,121.020552,121.020552,polygon,40.892534,40.892534
520.0,120.633307,120.633307,polygon,40.727933,40.727933
525.0,120.242937,120.242937,polygon,40.565208,40.565208
530.0,119.849441,119.849441,polygon,40.404381,40.404381
535.0,119.45282,119.45282,polygon,40.245475,40.245475
540.0,119.053072,119.053072,polygon,40.088513,40.088513
545.0,118.650203,118.650203,polygon,39.933518,39.933518
550.0,118.244213,118.244213,polygon,39.780512,39.780512
555.0,117.83511,117.83511,polygon,39.629519,39.629519
560.0,117.422898,117.422898,polygon,39.480561,39.480561
565.0,117.007586,117.007586,polygon,39.333663,39.333663
570.0,116.589182,116.589182,polygon,39.188847,39.188847
575.0,116.167697,116.167697,polygon,39.046136,39.046136
580.0,115.743143,115.743143,polygon,38.905553,38.905553
585.0,115.315533,115.315533,polygon,38.767122,38.767122
590.0,114.884882,114.884882,polygon,38.630866,38.630866
595.0,114.451208,114.451208,polygon,38.496807,38.496807
600.0,114.014528,114.014528,polygon,38.36497,38.36497
605.0,113.574862,113.574862,polygon,38.235376,38.235376
610.0,113.132232,113.132232,polygon,38.108049,38.108049
615.0,112.686661,112.686661,polygon,37.983011,37.983011
620.0,112.238174,112.238174,polygon,37.860285,37.860285
625.0,111.786798,111.786798,polygon,37.739895,37.739895
630.0,111.332561,111.332561,polygon,37.621861,37.621861
635.0,110.875494,110.875494,polygon,37.506207,37.506207
640.0,110.415628,110.415628,polygon,37.392954,37.392954
645.0,109.952999,109.952999,polygon,37.282125,37.282125
650.0,109.487642,109.487642,polygon,37.173741,37.173741
655.0,109.019594,109.019594,polygon,37.067823,37.067823
660.0,108.548895,108.548895,polygon,36.964393,36.964393
665.0,108.075587,108.075587,polygon,36.863471,36.863471
670.0,107.599713,107.599713,polygon,36.765079,36.765079
675.0,107.121318,107.121318,polygon,36.669237,36.669236
680.0,106.64045,106.64045,polygon,36.575964,36.575964
685.0,106.157157,106.157157,polygon,36.48528,36.485281
690.0,105.671491,105.671491,polygon,36.397206,36.397206
695.0,105.183503,105.183503,polygon,36.311759,36.311759
700.0,104.693249,104.693249,polygon,36.228958,36.228958
705.0,104.200786,104.200786,polygon,36.148822,36.148822
710.0,103.706171,103.706171,polygon,36.071368,36.071368
715.0,103.209464,103.209464,polygon,35.996614,35.996614
720.0,102.710728,102.710728,polygon,35.924576,35.924576
725.0,102.210025,102.210025,polygon,35.855272,35.855271
730.0,101.707422,101.707422,polygon,35.788715,35.788715
735.0,101.202985,101.202985,polygon,35.724923,35.724923
740.0,100.696783,100.696783,polygon,35.66391,35.66391
745.0,100.188885,100.188885,polygon,35.60569,35.60569
750.0,99.679364,99.679364,polygon,35.550277,35.550276
755.0,99.168293,99.168293,polygon,35.497683,35.497683
760.0,98.655746,98.655746,polygon,35.447923,35.447923
765.0,98.141799,98.141799,polygon,35.401007,35.401007
770.0,97.62653,97.62653,polygon,35.356947,35.356947
775.0,97.110017,97.110017,polygon,35.315753,35.315753
780.0,96.592339,96.592339,polygon,35.277436,35.277436
785.0,96.073579,96.073579,polygon,35.242005,35.242005
790.0,95.553817,95.553817,polygon,35.209469,35.209468
795.0,95.033136,95.033136,polygon,35.179835,35.179835
800.0,94.51162,94.51162,polygon,35.153111,35.153111
805.0,93.989355,93.989355,polygon,35.129304,35.129304
810.0,93.466424,93.466424,polygon,35.10842,35.10842
815.0,92.942915,92.942915,polygon,35.090464,35.090464
820.0,92.418913,92.418913,polygon,35.07544,35.07544
825.0,91.894507,91.894507,polygon,35.063352,35.063352
830.0,91.369782,91.369782,polygon,35.054203,35.054203
835.0,90.844828,90.844828,polygon,35.047996,35.047996
840.0,90.319732,90.319732,polygon,35.044732,35.044732
845.0,89.794582,89.794582,polygon,35.180603,35.180602
850.0,89.269466,89.269466,polygon,35.47753,35.47753
855.0,88.744473,88.744473,polygon,35.778504,35.778504
860.0,88.219692,88.219692,polygon,36.083574,36.083574
865.0,87.695208,87.695208,polygon,36.392788,36.392789
870.0,87.171111,87.171111,polygon,36.706199,36.706199
875.0,86.647487,86.647487,polygon,37.023854,37.023854
880.0,86.124423,86.124423,polygon,37.345805,37.345805
885.0,85.602006,85.602006,polygon,37.672103,37.672103
890.0,85.08032,85.08032,polygon,38.002797,38.002797
895.0,84.55945,84.55945,polygon,38.337938,38.337938
900.0,84.039481,84.039481,polygon,38.677577,38.677577
905.0,83.520495,83.520495,polygon,39.021764,39.021764
910.0,83.002575,83.002575,polygon,39.370549,39.370549
915.0,82.485802,82.485802,polygon,39.723982,39.723982
920.0,81.970255,81.970255,polygon,40.082112,40.082112
925.0,81.456014,81.456014,polygon,40.44499,40.44499
930.0,80.943155,80.943155,polygon,40.812663,40.812663
935.0,80.431756,80.431756,polygon,41.18518,41.18518
940.0,79.921892,79.921892,polygon,41.562589,41.562589
945.0,79.413634,79.413634,polygon,41.944939,41.944939
950.0,78.907057,78.907057,polygon,42.332275,42.332275
955.0,78.40223,78.40223,polygon,42.724646,42.724646
960.0,77.899222,77.899222,polygon,43.122096,43.122096
965.0,77.3981,77.3981,polygon,43.524671,43.524671
970.0,76.89893,76.89893,polygon,43.932416,43.932416
975.0,76.401777,76.401777,polygon,44.345375,44.345375
980.0,75.906701,75.906701,polygon,44.763591,44.763591
985.0,75.413764,75.413764,polygon,45.187108,45.187108
990.0,74.923025,74.923025,polygon,45.615968,45.615968
995.0,74.434539,74.434539,polygon,46.050211,46.050211
1000.0,73.948363,73.948363,polygon,46.489879,46.489879
1005.0,73.464549,73.464549,polygon,46.935011,46.935011
1010.0,72.983148,72.983148,polygon,47.385647,47.385647
1015.0,72.504211,72.504211,polygon,47.841825,47.841825
1020.0,72.027784,72.027784,polygon,48.303582,48.303582
1025.0,71.553914,71.553914,polygon,48.770956,48.770956
1030.0,71.082644,71.082644,polygon,49.243983,49.243983
1035.0,70.614015,70.614015,polygon,49.722698,49.722698
1040.0,70.148069,70.148069,polygon,50.207135,50.207135
1045.0,69.684843,69.684843,polygon,50.697328,50.697328
1050.0,69.224373,69.224373,polygon,51.193311,51.193311
1055.0,68.766694,68.766694,polygon,51.695114,51.695114
1060.0,68.311838,68.311838,polygon,52.202771,52.202771
1065.0,67.859837,67.859837,polygon,52.716311,52.71631
1070.0,67.410719,67.410719,polygon,53.235763,53.235763
1075.0,66.964511,66.964511,polygon,53.761159,53.761159
1080.0,66.521238,66.521238,polygon,54.292524,54.292524
1085.0,66.080925,66.080925,polygon,54.829888,54.829888
1090.0,65.643593,65.643593,polygon,55.373277,55.373277
1095.0,65.209263,65.209263,polygon,55.922717,55.922717
1100.0,64.777953,64.777953,polygon,56.478233,56.478232
1105.0,64.34968,64.34968,polygon,57.039849,57.03985
1110.0,63.924459,63.924459,polygon,57.607591,57.607591
1115.0,63.502305,63.502305,polygon,58.181481,58.181481
1120.0,63.08323,63.08323,polygon,58.761541,58.761541
1125.0,62.667244,62.667244,polygon,59.347794,59.347794
1130.0,62.254356,62.254356,polygon,59.94026,59.94026
1135.0,61.844575,61.844575,polygon,60.53896,60.53896
1140.0,61.437908,61.437908,polygon,61.143914,61.143914
1145.0,61.034359,61.034359,polygon,61.755141,61.755142
1150.0,60.633932,60.633932,polygon,62.37266,62.37266
1155.0,60.236629,60.236629,polygon,62.996489,62.996489
1160.0,59.842453,59.842453,polygon,63.626645,63.626645
1165.0,59.451403,59.451403,polygon,64.263145,64.263145
1170.0,59.063478,59.063478,polygon,64.906005,64.906005
1175.0,58.678676,58.678676,polygon,65.555241,65.555241
1180.0,58.296994,58.296994,polygon,66.210868,66.210868
1185.0,57.918427,57.918427,polygon,66.872901,66.872901
1190.0,57.54297,57.54297,polygon,67.541353,67.541353
1195.0,57.170617,57.170617,polygon,68.21624,68.21624
1200.0,56.801361,56.801361,polygon,68.897572,68.897572
1205.0,56.435192,56.435192,polygon,69.585364,69.585364
1210.0,56.072103,56.072103,polygon,70.279627,70.279627
1215.0,55.712084,55.712084,polygon,70.980374,70.980374
1220.0,55.355123,55.355123,polygon,71.687615,71.687615
1225.0,55.001209,55.001209,polygon,72.401361,72.401361
1230.0,54.65033,54.65033,polygon,73.121622,73.121622
1235.0,54.302474,54.302474,polygon,73.84841,73.84841
1240.0,53.957626,53.957626,polygon,74.581732,74.581732
1245.0,53.615772,53.615772,polygon,75.321599,75.321599
1250.0,53.276898,53.276898,polygon,76.06802,76.06802
1255.0,52.940988,52.940988,polygon,76.821003,76.821003
1260.0,52.608027,52.608027,polygon,77.580556,77.580556
1265.0,52.277997,52.277997,polygon,78.346687,78.346687
1270.0,51.950882,51.950882,polygon,79.119403,79.119403
1275.0,51.626664,51.626664,polygon,79.898713,79.898713
1280.0,51.305326,51.305326,polygon,80.684621,80.684621
1285.0,50.98685,50.98685,polygon,81.477137,81.477137
1290.0,50.671216,50.671216,polygon,82.276264,82.276264
1295.0,50.358406,50.358406,polygon,83.082011,83.082011
1300.0,50.0484,50.0484,polygon,83.894382,83.894382
1305.0,49.74118,49.74118,polygon,84.713382,84.713382
1310.0,49.436724,49.436724,polygon,85.539018,85.539018
1315.0,49.135012,49.135012,polygon,86.371294,86.371294
1320.0,48.836025,48.836025,polygon,87.210216,87.210216
1325.0,48.539742,48.539742,polygon,88.055786,88.055786
1330.0,48.246141,48.246141,polygon,88.908011,88.908011
1335.0,47.955202,47.955202,polygon,89.766894,89.766894
1340.0,47.666903,47.666903,polygon,90.63244,90.63244
1345.0,47.381223,47.381223,polygon,91.504651,91.504651
1350.0,47.098141,47.098141,polygon,92.383531,92.383531
1355.0,46.817634,46.817634,polygon,93.269085,93.269085
1360.0,46.539682,46.539682,polygon,94.161315,94.161314
1365.0,46.264262,46.264262,polygon,95.060224,95.060224
1370.0,45.991352,45.991352,polygon,95.965815,95.965815
1375.0,45.720931,45.720931,polygon,96.878091,96.878091
1380.0,45.452977,45.452977,polygon,97.797055,97.797055
1385.0,45.187466,45.187466,polygon,98.722709,98.722709
1390.0,44.924379,44.924379,polygon,99.655055,99.655055
1395.0,44.663691,44.663691,polygon,100.594096,100.594096
1400.0,44.405382,44.405382,polygon,101.539834,101.539834
1405.0,44.149429,44.149429,polygon,102.49227,102.49227
1410.0,43.89581,43.89581,polygon,103.451408,103.451408
1415.0,43.644504,43.644504,polygon,104.417247,104.417248
1420.0,43.395488,43.395488,polygon,105.389791,105.389791
1425.0,43.14874,43.14874,polygon,106.369041,106.369041
1430.0,42.904239,42.904239,polygon,107.354998,107.354998
1435.0,42.661962,42.661962,polygon,108.347664,108.347664
1440.0,42.421889,42.421889,polygon,109.347039,109.347039
1445.0,42.183997,42.183997,polygon,110.353126,110.353126
1450.0,41.948266,41.948266,polygon,109.417237,111.365925
1455.0,41.714673,41.714673,polygon,105.477738,112.385438
1460.0,41.483197,41.483197,polygon,101.58821,113.411665
1465.0,41.253818,41.253818,polygon,97.754232,114.444607
1470.0,41.026513,41.026513,polygon,93.9822,115.484266
1475.0,40.801262,40.801262,polygon,90.279463,116.530642
1480.0,40.578045,40.578045,polygon,86.654471,117.583736
1485.0,40.35684,40.35684,polygon,83.116944,118.643548
1490.0,40.137627,40.137627,polygon,79.678063,119.71008
1495.0,39.920386,39.920386,polygon,74.803848,120.783332
1500.0,39.705095,39.705095,polygon,68.725244,121.863304
