case,criterion,label,S2_x_m,S2_y_m,value,theta2_worst_deg,note
dense_cmp,breakpoints_vs_uniform4001,"S2=(490,-840)",490,-840,132.96500491327438,41.622880802899999,"断点集 Ĵ=132.965005；4001 点均匀=132.929396（断点集−密扫=+0.035609）；81 点均匀=130.621595"
dense_cmp,breakpoints_vs_uniform4001,"S2=(640,650)",640,650,128.91241600157466,-39.183744964699997,"断点集 Ĵ=128.912416；4001 点均匀=128.800729（断点集−密扫=+0.111687）；81 点均匀=124.414390"
dense_cmp,breakpoints_vs_uniform4001,"S2=(730,590)",730,590,122.3248458552265,-39.676205697599997,"断点集 Ĵ=122.324846；4001 点均匀=122.267808（断点集−密扫=+0.057038）；81 点均匀=117.852508"
dense_cmp,breakpoints_vs_uniform4001,"S2=(820,430)",820,430,128.57520241389946,-34.864627802699999,"断点集 Ĵ=128.575202；4001 点均匀=128.556563（断点集−密扫=+0.018639）；81 点均匀=122.688159"
dense_cmp,breakpoints_vs_uniform4001,"S2=(960,290)",960,290,130.20044271367922,-31.360226113500001,"断点集 Ĵ=130.200443；4001 点均匀=130.106680（断点集−密扫=+0.093763）；81 点均匀=126.303943"
dense_cmp_summary,breakpoints_ge_uniform4001,"优质域内 5 个 S2 点上「断点集 − 4001 点密扫」",490,-840,0.11168733443443557,,"min=+0.018639 m，max=+0.111687 m，全部 ≥0 表明断点集不漏尖峰"
coarse_underestimate,max_underestimate_of_uniform81,"优质域内 1310 个格点上的最大低估",780,-450,6.5177352840417484,,"81 点均匀最大低估 Ĵ 达 6.517735 m（该处断点集 Ĵ=132.232760，均匀 Ĵ=125.715024）"
n_candidates_screen,breakpoints_plus_11,"S2=(730,590)",730,590,415,,"空间搜索档：断点集 ∪ 11 点均匀兜底 = 415 个候选；相对 4001 点密扫 9.6 倍"
n_candidates_final,breakpoints_plus_201,"S2=(730,590)",730,590,605,,"最终精算档：断点集 ∪ 201 点均匀兜底 = 605 个候选；相对 4001 点密扫 6.6 倍"
cost_per_point_screen_11,timing_ms,"单点 worst_diam 实测耗时（417 个候选）",730,590,67.698633670806885,,"本机 Python 3.13 单进程、20 次平均；单位 ms；机器不同此值不同"
cost_per_point_final_201,timing_ms,"单点 worst_diam 实测耗时（607 个候选）",730,590,86.518871784210205,,"本机 Python 3.13 单进程、20 次平均；单位 ms；机器不同此值不同"
east_tangent,basin_comparison,"早期版本返回点 (2072,435)",2072,435,29.934223131962355,159.5925502767,"断点集 Ĵ=29.934223 m；81 点均匀准则=29.841519 m"
east_tangent,basin_comparison,"真最优盆地 (1339,419)",1339,419,28.793212510962146,-47.905393289899997,"断点集 Ĵ=28.793213 m；81 点均匀准则=28.786752 m"
east_tangent_gap,contradiction,"Ĵ(2072,435) − Ĵ(1339,419)",2072,435,1.1410106210002091,,"差 +1.141011 m：早期版本返回的点 Ĵ 更大 ⇒ 落在更差盆地，是求解器缺陷而非模型结论"
roam_neighbor,cheap_criterion_bias,"10 m 邻域内 Ĵ 最小的邻点 (1329,419)",1329,419,28.866948631233644,,"断点集 Ĵ=28.866949 m（真值 28.793213，高 +0.073736 m）；其 81 点均匀准则=28.737638 m"
