planner,n_sources,n_sources_basis,cleared,success_rate,total_virtual_time_s,avg_clear_time_s,path_length_m,overlap_rate,cover_gap_m,cover_margin_m,coverage_ok,scan_complete,n_measure,n_clear,n_action,stuck_count,source_clear_mean_s,source_clear_median_s,source_clear_p90_s,source_measure_mean,source_measure_median,source_measure_p90,real_elapsed_s,cleared_channels,abort,run_id,seed
A_heuristic_spiral,16,simulator,16,1.0,6107.19,381.7,21136.0,0.0526,896.98,103.02,True,True,301,16,317,0,150.954,112.405,300.867,2.312,2.0,3.0,0.01,"[2, 3, 4, 6, 7, 8, 9, 10, 12, 13, 14, 15, 16, 18, 19, 20]",,1,1000
A_heuristic_spiral,16,simulator,16,1.0,6381.34,398.83,22606.7,0.0441,896.98,103.02,True,True,297,16,313,0,168.026,137.064,286.711,2.062,2.0,2.0,0.0,"[1, 2, 3, 4, 6, 7, 8, 9, 10, 11, 12, 13, 15, 16, 17, 19]",,2,1001
A_heuristic_spiral,14,simulator,14,1.0,6458.56,461.33,23032.8,0.0392,896.98,103.02,True,True,298,14,312,0,196.759,168.404,295.042,2.286,2.0,3.0,0.01,"[2, 3, 5, 7, 8, 10, 11, 12, 14, 15, 16, 17, 18, 20]",,3,1002
A_heuristic_spiral,13,simulator,13,1.0,5894.73,453.44,20263.6,0.0599,896.98,103.02,True,True,297,13,310,0,167.984,158.993,281.423,2.308,2.0,3.0,0.01,"[1, 2, 6, 7, 8, 9, 12, 14, 15, 16, 17, 18, 20]",,4,1003
A_heuristic_spiral,13,simulator,13,1.0,5639.3,433.79,19011.5,0.0469,896.98,103.02,True,True,296,13,309,0,160.906,136.14,283.428,2.231,2.0,3.0,0.01,"[1, 2, 3, 4, 6, 7, 10, 11, 12, 15, 17, 18, 19]",,5,1004
A_heuristic_spiral,13,simulator,13,1.0,6154.65,473.43,21638.2,0.0401,896.98,103.02,True,True,294,13,307,0,188.055,166.191,289.04,2.077,2.0,2.0,0.01,"[2, 3, 6, 8, 9, 10, 11, 12, 13, 14, 15, 17, 18]",,6,1005
A_heuristic_spiral,12,simulator,12,1.0,5845.04,487.09,20145.2,0.0509,896.98,103.02,True,True,293,12,305,0,177.343,144.298,306.613,2.083,2.0,2.0,0.01,"[1, 2, 4, 6, 7, 8, 9, 10, 11, 15, 17, 18]",,7,1006
A_heuristic_spiral,16,simulator,16,1.0,6552.09,409.51,23460.5,0.0454,896.98,103.02,True,True,297,16,313,0,188.76,151.492,320.998,2.062,2.0,2.0,0.01,"[1, 2, 4, 5, 6, 8, 9, 10, 11, 13, 14, 15, 16, 17, 18, 19]",,8,1007
A_heuristic_spiral,14,simulator,14,1.0,5868.29,419.16,20151.5,0.0415,896.98,103.02,True,True,295,14,309,0,166.389,126.061,374.046,2.071,2.0,2.0,0.01,"[1, 2, 3, 4, 5, 6, 10, 11, 12, 15, 16, 18, 19, 20]",,9,1008
A_heuristic_spiral,11,simulator,11,1.0,5810.13,528.19,20050.7,0.0449,896.98,103.02,True,True,291,11,302,0,189.745,156.628,310.731,2.0,2.0,2.0,0.01,"[1, 3, 4, 9, 11, 14, 15, 16, 17, 18, 19]",,10,1009
A_heuristic_spiral,15,simulator,15,1.0,6355.79,423.72,22484.0,0.0555,896.98,103.02,True,True,298,15,313,0,177.191,115.882,315.688,2.2,2.0,3.0,0.01,"[2, 3, 4, 5, 6, 7, 8, 12, 13, 14, 15, 16, 17, 18, 20]",,11,1010
A_heuristic_spiral,12,simulator,12,1.0,5804.87,483.74,19969.3,0.04,896.98,103.02,True,True,292,12,304,0,187.411,144.641,329.562,2.0,2.0,2.0,0.01,"[1, 3, 5, 6, 7, 8, 9, 11, 13, 14, 15, 20]",,12,1011
A_heuristic_spiral,12,simulator,12,1.0,5952.79,496.07,20688.9,0.0522,896.98,103.02,True,True,293,12,305,0,186.321,166.467,306.304,2.083,2.0,2.0,0.01,"[1, 4, 5, 6, 7, 9, 10, 11, 13, 17, 19, 20]",,13,1012
A_heuristic_spiral,13,simulator,13,1.0,5939.8,456.91,20514.0,0.0416,896.98,103.02,True,True,296,13,309,0,184.0,133.471,399.129,2.231,2.0,3.0,0.01,"[1, 2, 4, 5, 6, 7, 8, 9, 11, 13, 16, 18, 19]",,14,1013
A_heuristic_spiral,14,simulator,13,0.9285714285714286,6267.23,482.09,22201.1,0.0487,896.98,103.02,True,False,294,13,307,0,196.715,167.811,326.237,2.077,2.0,2.0,0.01,"[2, 3, 7, 8, 9, 10, 11, 12, 13, 14, 16, 18, 19]",,15,1014
A_heuristic_spiral,10,simulator,10,1.0,5861.03,586.1,20340.2,0.0489,896.98,103.02,True,True,291,10,301,0,213.31,163.208,397.235,2.1,2.0,2.0,0.01,"[5, 7, 8, 9, 10, 11, 13, 16, 17, 20]",,16,1015
A_heuristic_spiral,12,simulator,12,1.0,5885.44,490.45,20322.2,0.0496,896.98,103.02,True,True,294,12,306,0,180.709,147.189,293.852,2.167,2.0,3.0,0.01,"[1, 3, 6, 8, 9, 11, 12, 13, 14, 17, 18, 19]",,17,1016
A_heuristic_spiral,13,simulator,13,1.0,5367.85,412.91,17679.3,0.0478,896.98,103.02,True,True,295,13,308,0,127.455,119.753,198.489,2.154,2.0,3.0,0.01,"[1, 2, 4, 5, 7, 8, 10, 11, 12, 13, 14, 19, 20]",,18,1017
A_heuristic_spiral,13,simulator,13,1.0,5980.98,460.08,20769.9,0.0472,896.98,103.02,True,True,294,13,307,0,174.696,149.625,343.812,2.077,2.0,2.0,0.01,"[2, 3, 4, 7, 8, 9, 11, 12, 13, 17, 18, 19, 20]",,19,1018
A_heuristic_spiral,10,simulator,10,1.0,5276.65,527.67,17438.3,0.0469,896.98,103.02,True,True,290,10,300,0,154.872,169.151,221.308,2.0,2.0,2.0,0.01,"[4, 5, 7, 8, 9, 10, 11, 15, 18, 20]",,20,1019
A_heuristic_spiral,10,simulator,10,1.0,5209.15,520.91,17100.7,0.0497,896.98,103.02,True,True,290,10,300,0,148.022,90.552,228.396,2.0,2.0,2.0,0.01,"[1, 3, 5, 6, 10, 13, 15, 16, 17, 18]",,21,1020
A_heuristic_spiral,14,simulator,14,1.0,5956.44,425.46,20617.2,0.0571,896.98,103.02,True,True,294,14,308,0,160.893,113.453,405.89,2.0,2.0,2.0,0.01,"[2, 3, 6, 7, 8, 9, 10, 11, 14, 15, 16, 17, 18, 19]",,22,1021
A_heuristic_spiral,11,simulator,11,1.0,5546.52,504.23,18707.6,0.0496,896.98,103.02,True,True,292,11,303,0,180.879,142.924,325.909,2.091,2.0,2.0,0.01,"[1, 3, 4, 6, 7, 12, 13, 14, 18, 19, 20]",,23,1022
A_heuristic_spiral,13,simulator,13,1.0,5796.68,445.9,19848.4,0.0458,896.98,103.02,True,True,294,13,307,0,160.442,140.586,264.705,2.077,2.0,2.0,0.01,"[1, 5, 6, 7, 9, 10, 11, 12, 13, 14, 15, 16, 17]",,24,1023
A_heuristic_spiral,16,simulator,16,1.0,6185.36,386.58,21651.8,0.0481,896.98,103.02,True,True,296,16,312,0,155.777,134.027,332.808,2.0,2.0,2.0,0.01,"[1, 2, 3, 4, 6, 7, 8, 9, 10, 11, 12, 13, 16, 18, 19, 20]",,25,1024
A_heuristic_spiral,11,simulator,11,1.0,5745.29,522.3,19701.4,0.048,896.98,103.02,True,True,292,11,303,0,183.941,146.672,271.857,2.091,2.0,2.0,0.01,"[2, 4, 6, 7, 8, 11, 12, 15, 16, 18, 20]",,26,1025
A_heuristic_spiral,10,simulator,10,1.0,5170.1,517.01,16905.5,0.0432,896.98,103.02,True,True,290,10,300,0,144.217,131.103,179.854,2.0,2.0,2.0,0.01,"[7, 8, 9, 10, 13, 14, 16, 17, 19, 20]",,27,1026
A_heuristic_spiral,10,simulator,10,1.0,5928.22,592.82,20621.1,0.0403,896.98,103.02,True,True,293,10,303,0,219.929,180.733,403.774,2.3,2.0,3.0,0.01,"[1, 3, 4, 7, 8, 10, 12, 13, 16, 18]",,28,1027
A_heuristic_spiral,13,simulator,13,1.0,5881.86,452.45,20299.3,0.0588,896.98,103.02,True,True,293,13,306,0,166.994,152.281,263.499,2.0,2.0,2.0,0.01,"[1, 2, 4, 6, 7, 9, 11, 13, 14, 15, 17, 18, 20]",,29,1028
A_heuristic_spiral,14,simulator,14,1.0,5636.77,402.63,18993.8,0.0423,896.98,103.02,True,True,295,14,309,0,138.06,109.002,253.755,2.071,2.0,2.0,0.01,"[2, 3, 5, 6, 7, 10, 11, 13, 14, 15, 16, 17, 18, 19]",,30,1029
