run_id,seed,channel,first_distance_m,clear_cost_s,source_measure_count,lower_bound_s
1,1000,2,1137.0460862408183,264.5882859999997,3,238.40921724816366
1,1000,3,793.8272196262325,93.31037199999992,2,169.7654439252465
1,1000,4,1482.7227885818481,115.40979100000004,2,307.54455771636964
1,1000,6,668.7410518108321,204.3523970000001,6,144.74821036216642
1,1000,7,711.598844872773,43.45311800000013,2,153.31976897455462
1,1000,8,962.5411564402851,74.94985700000001,6,203.50823128805703
1,1000,9,716.3527629636047,340.2854729999999,4,154.27055259272095
1,1000,10,940.0614427586511,218.6114950000001,2,199.01228855173022
1,1000,12,725.0406970064383,82.9348829999999,2,156.00813940128768
1,1000,13,726.9748893908114,76.10717000000022,2,156.39497787816228
1,1000,14,998.1555047013435,104.28916800000002,3,210.6311009402687
1,1000,15,1007.0002896953383,102.86593300000004,2,212.40005793906766
1,1000,16,912.0173133888941,79.84113200000002,3,193.4034626777788
1,1000,18,786.9637166539302,26.920560000000023,2,168.39274333078603
1,1000,19,844.3368808093517,214.8462010000003,2,179.86737616187034
1,1000,20,1103.8298575870238,38.568760999999995,2,231.76597151740475
2,1001,1,627.0010888449387,95.85661000000005,2,136.40021776898774
2,1001,2,573.7389453859606,397.48594300000013,2,125.74778907719212
2,1001,3,692.5261030915968,92.01745300000016,3,149.50522061831936
2,1001,4,835.8179906334237,117.349107,2,178.16359812668475
2,1001,6,1057.1241607833024,88.51820999999995,2,222.42483215666047
2,1001,7,781.4949706696113,77.72588700000006,2,167.29899413392226
2,1001,8,994.70041924315,333.6657410000007,2,209.94008384863
2,1001,9,591.0906740921307,85.81404300000008,3,129.21813481842614
2,1001,10,353.155241905896,124.7016450000001,2,81.6310483811792
2,1001,11,610.6539111319356,67.01756599999999,2,133.1307822263871
2,1001,12,1370.100525761074,93.993293,2,285.0201051522148
2,1001,13,672.5654066284502,577.7361629999996,4,145.51308132569005
2,1001,15,537.6236922834732,55.4754089999999,2,118.52473845669465
2,1001,16,722.6695388738635,225.50519500000019,3,155.5339077747727
2,1001,17,613.0884060020105,111.82444199999998,3,133.6176812004021
2,1001,19,339.06030525707155,245.45007199999964,2,78.8120610514143
3,1002,2,545.6709573679046,90.492976,2,120.13419147358093
3,1002,3,1032.5490441098937,357.3420759999999,3,217.50980882197874
3,1002,5,1067.3536681675248,170.29558099999986,3,224.47073363350495
3,1002,7,864.8835870693669,57.75691199999983,2,183.97671741387336
3,1002,8,1048.4074682827563,77.61680200000023,2,220.68149365655125
3,1002,10,845.778329758009,70.90397600000006,2,180.1556659516018
3,1002,11,868.5835400156628,176.69813599999998,3,184.71670800313257
3,1002,12,763.7509736121509,174.96996799999988,3,163.7501947224302
3,1002,14,514.5115804720149,364.64705500000036,2,113.90231609440298
3,1002,15,713.0513797075917,78.38708900000029,2,153.61027594151832
3,1002,16,572.788680839029,112.15406399999983,3,125.5577361678058
3,1002,17,914.8416816312645,152.7146069999999,2,193.96833632625288
3,1002,18,1159.4694531120065,173.0541549999998,3,242.8938906224013
3,1002,20,394.7626415846175,326.53286100000014,2,89.95252831692349
4,1003,1,901.197121043024,55.463126999999986,2,191.23942420860482
4,1003,2,502.8624738349758,385.26428299999986,2,111.57249476699516
4,1003,6,1203.509645235528,61.74935800000003,2,251.7019290471056
4,1003,7,1165.9885922808512,177.21630800000003,2,244.19771845617024
4,1003,8,603.3920189210666,479.1545540000002,2,131.67840378421332
4,1003,9,652.8112199271529,176.7009320000002,2,141.5622439854306
4,1003,12,1280.3018127259245,125.54931799999986,4,267.0603625451849
4,1003,14,935.1693440313074,36.69460900000013,2,198.0338688062615
4,1003,15,1041.9615775098036,86.555654,2,219.39231550196072
4,1003,16,1427.9033892095217,194.33268399999997,2,296.58067784190433
4,1003,17,1193.9727057663238,156.17871000000014,5,249.79454115326476
4,1003,18,1276.0756472529383,95.7150999999999,2,266.21512945058765
4,1003,20,802.208134951416,46.419529999999895,2,171.4416269902832
5,1004,1,799.2655105169647,258.66270399999985,2,170.85310210339293
5,1004,2,897.8195694638094,180.0510979999999,2,190.5639138927619
5,1004,3,692.5149352570886,114.21486299999992,3,149.50298705141773
5,1004,4,725.6498058542353,42.44185400000015,2,156.12996117084705
5,1004,6,671.1641184577132,144.76992299999984,2,145.23282369154265
5,1004,7,898.6125990851648,62.45159700000022,2,190.72251981703295
5,1004,10,1087.7499200068453,132.12320699999987,6,228.54998400136907
5,1004,11,726.65158271437,213.63251500000024,3,156.330316542874
5,1004,12,773.6880462660542,71.6125649999999,3,165.73760925321085
5,1004,15,790.2238746664536,214.80932699999994,3,169.04477493329074
5,1004,17,617.9455249019554,392.674716,2,134.58910498039108
5,1004,18,705.0301107021331,88.61577899999975,2,152.00602214042664
5,1004,19,700.494873772614,569.766494,8,151.0989747545228
6,1005,2,783.3793487299934,85.31042200000002,2,167.67586974599868
6,1005,3,392.0995643510741,169.8278250000003,2,89.41991287021482
6,1005,6,370.2329727882545,233.30974100000003,2,85.04659455765089
6,1005,8,1405.9184432976517,168.66982400000006,2,292.18368865953033
6,1005,9,1014.3217044778728,174.58477600000015,3,213.86434089557457
6,1005,10,727.001184997131,286.88837999999987,3,156.4002369994262
6,1005,11,1392.8622992286375,116.19359200000008,2,289.5724598457275
6,1005,12,716.2336210034309,130.27405700000008,3,154.24672420068617
6,1005,13,773.7728935540813,361.08980399999973,3,165.75457871081625
6,1005,14,867.2707220539878,78.59591499999999,2,184.45414441079757
6,1005,15,510.1336847293637,177.53698899999995,2,113.02673694587274
6,1005,17,1179.7292716052546,91.90016200000014,2,246.94585432105092
6,1005,18,377.9417051059546,149.24770599999988,2,86.58834102119093
7,1006,1,920.902868759056,98.16987300000005,2,195.1805737518112
7,1006,2,725.4071486062207,172.90616499999987,3,156.08142972124415
7,1006,4,589.9783823155448,185.624906,2,128.99567646310896
7,1006,6,769.4913478142917,314.19074999999975,3,164.89826956285833
7,1006,7,550.4544133773809,421.02006800000026,2,121.09088267547618
7,1006,8,247.63683667575134,146.1358070000001,2,60.52736733515027
7,1006,9,578.545203979804,142.24787199999992,2,126.7090407959608
7,1006,10,841.1795098350668,616.4578129999995,2,179.23590196701338
7,1006,11,564.0235521846558,117.65488800000003,2,123.80471043693117
7,1006,15,983.6785409176223,33.08045499999997,2,207.73570818352445
7,1006,17,1449.4614541458027,129.9224390000004,2,300.8922908291605
7,1006,18,1258.9364636852424,115.05148000000008,3,262.78729273704846
8,1007,1,1043.608051934826,338.19220499999983,3,219.7216103869652
8,1007,2,332.5356430380151,50.68377399999986,2,77.50712860760302
8,1007,4,774.4859335477878,89.75033599999995,2,165.89718670955756
8,1007,5,1064.9638489358847,149.88377500000024,3,223.99276978717694
8,1007,6,479.233685149087,127.65415100000018,2,106.8467370298174
8,1007,8,191.71095668263263,81.85714199999984,2,49.342191336526525
8,1007,9,958.8644860468113,113.78437599999961,2,202.77289720936227
8,1007,10,945.1107516625278,89.02370299999995,2,200.02215033250556
8,1007,11,250.46609157013825,90.80663900000013,2,61.09321831402765
8,1007,13,1229.5154880430298,161.70422500000006,3,256.90309760860595
8,1007,14,872.8979062130151,458.80312300000014,3,185.579581242603
8,1007,15,802.705953874691,32.868876,2,171.5411907749382
8,1007,16,862.0591417780582,431.0739349999999,2,183.41182835561165
8,1007,17,536.8614598693946,211.17526399999997,2,118.37229197387892
8,1007,18,641.5950393120379,125.40276400000016,2,139.31900786240757
8,1007,19,536.3098470588258,154.7029910000001,2,118.26196941176515
9,1008,1,977.6503992228843,191.7630959999999,2,206.53007984457685
9,1008,2,1207.0659292097885,79.79556000000002,2,252.4131858419577
9,1008,3,1064.6678223265226,164.8394599999997,2,223.93356446530453
9,1008,4,897.5765247002871,49.538031000000046,2,190.51530494005743
9,1008,5,575.5086436131711,169.17507799999998,3,126.10172872263422
9,1008,6,525.4757444765117,233.33269800000016,3,116.09514889530234
9,1008,10,1224.4968848084077,97.96606400000019,3,255.89937696168153
9,1008,11,362.9079104801361,77.16494999999986,2,83.58158209602722
9,1008,12,951.6242207640739,467.3351539999999,3,201.3248441528148
9,1008,15,857.8924493246714,85.14023799999995,2,182.57848986493428
9,1008,16,945.5284728411677,140.3332069999999,2,200.10569456823356
9,1008,18,884.9380542380312,105.32848200000001,2,187.98761084760625
9,1008,19,1217.5125834280689,59.899855000000116,3,254.50251668561378
9,1008,20,554.1670825217518,53.822310000000016,2,121.83341650435037
10,1009,1,943.8124888827749,45.273956000000055,2,199.762497776555
10,1009,3,219.9497194210648,129.64199199999985,2,54.98994388421296
10,1009,4,795.4248172033638,587.1288409999997,4,170.08496344067277
10,1009,9,649.7970554774249,167.66457900000023,10,140.959411095485
10,1009,11,834.1174287055347,145.8883189999999,2,177.82348574110694
10,1009,14,330.2597115043521,190.74284300000022,2,77.05194230087042
10,1009,15,993.2619291860348,62.559238999999934,2,209.65238583720696
10,1009,16,965.0692231102997,79.847487,3,204.01384462205993
10,1009,17,1427.1524500714215,108.19412299999999,2,296.4304900142843
10,1009,18,671.1901877385341,99.22870000000012,3,145.23803754770682
10,1009,19,837.55199529674,56.60561899999999,2,178.510399059348
11,1010,2,681.3823472097661,429.1026059999999,2,147.27646944195322
11,1010,3,748.4621953535533,112.56937799999969,2,160.69243907071066
11,1010,4,801.4663941301593,37.67950300000007,2,171.29327882603187
11,1010,5,722.9023634217075,317.3256489999999,3,155.5804726843415
11,1010,6,1114.9991410824368,53.74305699999991,2,233.99982821648737
11,1010,7,762.9077374926584,428.2785880000001,8,163.58154749853168
11,1010,8,1296.258079935325,84.303223,3,270.251615987065
11,1010,12,897.5898772818846,414.2473689999997,2,190.51797545637692
11,1010,13,980.8998867173103,115.91596400000026,2,207.17997734346207
11,1010,14,287.0819065443084,106.18034000000034,2,68.41638130886169
11,1010,15,407.78623509115613,109.670345,2,92.55724701823122
11,1010,16,1019.8238960145283,50.342979000000014,2,214.96477920290565
11,1010,17,796.2307368519946,59.47411200000033,2,170.24614737039892
11,1010,18,557.9311111359577,279.32775600000014,3,122.58622222719154
11,1010,20,1168.7967464534288,115.24160099999995,3,244.75934929068575
12,1011,1,727.7872834172891,386.6387380000001,3,156.55745668345781
12,1011,3,757.7661814908031,171.60596399999986,2,162.5532362981606
12,1011,5,1050.4533220552614,50.26717000000008,2,221.09066441105227
12,1011,6,700.2464956597021,119.66789199999994,2,151.04929913194042
12,1011,7,1201.6958220952138,65.6299570000001,3,251.33916441904276
12,1011,8,397.3380615414437,159.76816499999995,2,90.46761230828875
12,1011,9,620.2068694589283,104.55256000000008,2,135.04137389178567
12,1011,11,1004.5210709614145,54.00596200000007,2,211.9042141922829
12,1011,13,1079.057297017487,103.00775199999998,3,226.8114594034974
12,1011,14,663.2514281527273,276.75103000000036,3,143.65028563054545
12,1011,15,621.8337047199893,593.5365409999999,2,135.36674094399785
12,1011,20,1087.1788451295895,88.60920499999997,2,228.4357690259179
13,1012,1,962.5309256859392,36.20997900000009,2,203.50618513718786
13,1012,4,513.5197773754976,51.50466000000006,2,113.70395547509952
13,1012,5,583.0230894002796,99.28784199999996,2,127.60461788005591
13,1012,6,661.9561531031405,178.83548100000007,2,143.3912306206281
13,1012,7,949.9448355853621,188.80194400000028,2,200.9889671170724
13,1012,9,1287.0637888716271,80.59222100000034,2,268.4127577743254
13,1012,10,429.8610909065789,530.431634,2,96.97221818131578
13,1012,11,842.2260148979175,49.03963299999987,2,179.44520297958348
13,1012,13,776.9271100284604,88.27561799999967,2,166.38542200569208
13,1012,17,760.8722115533182,56.3357689999998,2,163.17444231066364
13,1012,19,404.78989114596993,109.69632500000034,2,91.95797822919398
13,1012,20,713.9712551637874,360.51748499999985,4,153.79425103275747
14,1013,1,851.0655003119016,902.4899380000002,2,181.2131000623803
14,1013,2,764.0767464162095,67.91646900000023,2,163.81534928324191
14,1013,4,1039.6226805273743,85.05074699999977,3,218.92453610547486
14,1013,5,458.7342413353074,95.39565199999993,2,102.74684826706148
14,1013,6,1151.6729331406377,208.0869590000002,2,241.33458662812754
14,1013,7,966.5791664795423,109.83538500000009,2,204.31583329590848
14,1013,8,887.3222122825072,151.61265300000014,2,188.46444245650144
14,1013,9,690.2031504843138,200.86381499999993,2,149.04063009686277
14,1013,11,637.0000898378895,91.04170500000009,2,138.4000179675779
14,1013,13,580.2073542215571,107.04029500000001,2,127.04147084431142
14,1013,16,1334.3843114749836,133.1627420000001,3,277.8768622949967
14,1013,18,736.5893952501509,60.63844999999992,2,158.31787905003017
14,1013,19,644.3106406931635,173.90410799999972,2,139.8621281386327
15,1014,1,703.5997764626412,426.75030300000026,3,151.71995529252825
15,1014,2,776.3107825475757,60.75844799999982,2,166.26215650951514
15,1014,3,744.7303591719595,63.814212999999654,3,159.94607183439192
15,1014,7,776.5478206040668,134.488069,3,166.30956412081338
15,1014,8,835.1823513499636,97.3103450000001,2,178.03647026999272
15,1014,9,679.1686089767603,52.35783700000002,2,146.83372179535206
15,1014,10,845.4804042492085,47.24047000000019,2,180.0960808498417
15,1014,11,858.4669338958265,137.17985199999998,2,182.6933867791653
15,1014,12,968.024426268194,92.6933600000001,5,204.6048852536388
15,1014,13,1242.8132843023786,147.40489100000013,2,259.5626568604757
15,1014,14,954.0492720329788,444.83002799999986,2,201.80985440659578
15,1014,16,631.8035951017363,265.230462,3,137.36071902034726
15,1014,18,992.7843491218914,201.47109200000023,3,209.55686982437828
15,1014,19,1298.5419223828567,557.6064410000004,3,270.7083844765713
16,1015,5,626.2840440579607,302.8176990000002,3,136.25680881159215
16,1015,7,1374.7182703620517,105.35959099999991,2,285.94365407241037
16,1015,8,814.131175189143,87.86185799999998,2,173.8262350378286
16,1015,9,468.50622122451256,214.95907699999998,2,104.70124424490251
16,1015,10,1085.2467443804587,246.1911329999998,2,228.04934887609176
16,1015,11,141.63881569474782,192.49392899999975,2,39.327763138949564
16,1015,13,383.56156364694334,211.58113700000013,2,87.71231272938867
16,1015,16,596.3703924661282,43.016572,2,130.27407849322566
16,1015,17,1034.1550193918947,46.66948900000011,2,217.83100387837894
16,1015,20,587.6501573937504,213.04638999999997,2,128.5300314787501
17,1016,1,1002.1662464656893,88.35694799999999,2,211.43324929313786
17,1016,3,1053.3189096963652,28.781005999999934,2,221.66378193927304
17,1016,6,313.8642103674136,265.1131879999998,2,73.77284207348272
17,1016,8,743.7090992509067,264.1310830000002,2,159.74181985018134
17,1016,9,1014.7242062389781,93.12214300000005,3,213.94484124779564
17,1016,11,436.4560626182368,236.60455899999988,2,98.29121252364736
17,1016,12,1065.4976278796212,34.509608999999955,2,224.09952557592425
17,1016,13,335.9425816418335,268.18050700000003,2,78.1885163283667
17,1016,14,1070.4996193295865,126.74859199999992,2,225.0999238659173
17,1016,17,1068.1540086070434,97.7458610000001,2,224.63080172140866
17,1016,18,931.4165744581023,70.27774399999998,2,197.28331489162048
17,1016,19,726.1108562261954,133.62217199999986,2,156.22217124523908
18,1017,1,958.9609505412947,98.65870600000017,2,202.79219010825892
18,1017,2,1002.2551526816616,46.17833400000001,2,211.45103053633233
18,1017,4,904.7010801861156,36.73010099999999,2,191.94021603722314
18,1017,5,803.6291983718841,120.8656739999999,2,171.7258396743768
18,1017,7,1227.5139499325662,119.23002299999996,2,256.5027899865132
18,1017,8,339.89529265576687,118.10002100000008,2,78.97905853115337
18,1017,10,1113.99508373302,38.941511999999875,2,233.799016746604
18,1017,11,1356.7391098884307,85.84999300000004,2,282.3478219776861
18,1017,12,1039.6367705703858,39.185169000000315,2,218.92735411407716
18,1017,13,1015.2317720493672,125.13003400000025,2,214.04635440987346
18,1017,14,1293.6813186968666,160.06413900000007,2,269.7362637393733
18,1017,19,1059.870703179681,31.68840399999999,2,222.97414063593618
18,1017,20,507.8171753698052,84.4207879999999,2,112.56343507396105
19,1018,2,883.322777145055,102.34020800000008,3,187.66455542901102
19,1018,3,292.92773682765153,242.59851200000003,2,69.5855473655303
19,1018,4,821.0007692141911,260.7448800000002,3,175.20015384283823
19,1018,7,724.2734592707196,162.69477599999982,3,155.85469185414394
19,1018,8,168.69422026165964,106.90761599999996,2,44.73884405233193
19,1018,9,342.07737242465595,53.4121540000001,2,79.4154744849312
19,1018,11,703.9665827050359,127.47010599999999,2,151.7933165410072
19,1018,12,629.499731661102,125.81082000000015,2,136.8999463322204
19,1018,13,846.6416718420928,155.14364400000022,2,180.32833436841855
19,1018,17,1335.6884532750844,112.34466400000008,3,278.13769065501685
19,1018,18,1082.0420999364596,73.12016700000004,2,227.40841998729192
19,1018,19,1208.8167133179127,124.39547200000015,3,252.76334266358253
19,1018,20,139.6739615883522,100.96409099999983,2,38.93479231767044
20,1019,4,966.686778352277,49.68613699999992,2,204.3373556704554
20,1019,5,856.6702969506506,205.75645200000008,2,182.3340593901301
20,1019,7,973.6827149430311,97.7777309999999,3,205.73654298860623
20,1019,8,625.1825886155068,192.78100300000006,2,136.03651772310135
20,1019,9,1367.018613584902,154.89460899999995,4,284.4037227169804
20,1019,10,419.4866985268736,145.43791499999998,3,94.89733970537472
20,1019,11,615.664164645696,68.89709000000016,2,134.1328329291392
20,1019,15,1262.2531014954234,156.86424899999997,2,263.4506202990847
20,1019,18,769.9832498542029,177.83012199999985,2,164.99664997084056
20,1019,20,630.6892032559241,123.09493700000007,2,137.13784065118483
21,1020,1,1159.4218428683662,211.48727199999985,3,242.88436857367324
21,1020,3,402.6123243214136,92.9952139999998,2,91.52246486428272
21,1020,5,804.9044944007401,67.0057670000001,3,171.980898880148
21,1020,6,1144.4357079588099,68.42227700000001,2,239.88714159176197
21,1020,10,853.5420251295732,71.45351599999981,2,181.70840502591463
21,1020,13,1167.7138500732249,68.445651,2,244.542770014645
21,1020,15,397.7466069678138,88.91833199999996,2,90.54932139356276
21,1020,16,667.3280843421204,84.21185200000014,2,144.4656168684241
21,1020,17,137.0132247483237,78.12811800000009,3,38.40264494966474
21,1020,18,772.0640338146911,65.5267060000001,2,165.41280676293823
22,1021,2,953.2453837426916,102.562318,2,201.64907674853833
22,1021,3,1114.4859713479448,424.51927099999966,2,233.89719426958897
22,1021,6,1020.2426819875687,29.04592500000001,3,215.04853639751374
22,1021,7,835.3323636263282,145.64552099999992,2,178.06647272526564
22,1021,8,825.0113416278683,70.80590500000005,2,176.00226832557365
22,1021,9,1202.6614662182408,67.642381,2,251.53229324364816
22,1021,10,396.11249901867603,140.53950200000008,2,90.2224998037352
22,1021,11,660.071563943599,94.28773999999999,2,143.0143127887198
22,1021,14,1214.3976592661052,146.57989700000007,2,253.87953185322104
22,1021,15,1052.1281348606458,56.70008199999984,2,221.42562697212915
22,1021,16,572.0852487456848,170.28807800000004,2,125.41704974913696
22,1021,17,763.1575065958714,70.33093099999996,2,163.63150131917428
22,1021,18,724.3153829017625,95.31094899999994,2,155.8630765803525
22,1021,19,1007.9247863639071,30.402206000000206,2,212.58495727278142
23,1022,1,1052.4845411938388,316.42283399999974,4,221.49690823876776
23,1022,3,730.511453133283,118.43305899999996,3,157.1022906266566
23,1022,4,914.9427154634958,54.45427300000006,2,193.98854309269916
23,1022,6,620.7656273018182,92.51284399999986,3,135.15312546036364
23,1022,7,576.3508274335246,187.513962,2,126.27016548670493
23,1022,12,1015.8894207936331,53.65530100000001,2,214.1778841587266
23,1022,13,1006.5360486583122,205.79680700000017,2,212.30720973166245
23,1022,14,1010.2529548247097,85.38356499999986,3,213.05059096494193
23,1022,18,770.3954750517206,72.30104600000004,2,165.07909501034413
23,1022,19,919.2953057669155,117.69243899999992,2,194.8590611533831
23,1022,20,965.6553386401534,330.08797700000014,2,204.1310677280307
24,1023,1,1308.3118330681607,164.562226,2,272.6623666136321
24,1023,5,814.7126437635235,129.29172499999993,2,173.9425287527047
24,1023,6,785.612821541703,40.55189199999995,2,168.1225643083406
24,1023,7,857.3738333888274,150.14932100000033,2,182.47476667776547
24,1023,9,1212.0264139754524,148.7407720000001,4,253.4052827950905
24,1023,10,1094.404629268383,92.54455199999984,2,229.8809258536766
24,1023,11,784.6896911929605,168.7242359999998,2,167.9379382385921
24,1023,12,683.7238461470989,96.36426600000004,2,147.74476922941977
24,1023,13,610.7194057650291,238.4503319999999,2,133.14388115300582
24,1023,14,562.08586978094,120.22475299999996,2,123.41717395618801
24,1023,15,944.83583181878,97.74605799999972,2,199.967166363756
24,1023,16,581.7988787560439,86.49236899999983,2,127.35977575120879
24,1023,17,715.8522865875835,202.8499569999999,2,154.1704573175167
25,1024,1,1152.041654856738,116.68234500000017,3,241.4083309713476
25,1024,2,368.0990819535399,117.33684300000004,2,84.61981639070798
25,1024,3,1414.9680334003406,130.89593800000011,2,293.9936066800681
25,1024,4,768.8913916846359,124.93945100000019,2,164.77827833692717
25,1024,6,797.0323357688651,37.61200699999995,3,170.406467153773
25,1024,7,466.1722067209728,281.56770099999994,2,104.23444134419455
25,1024,8,1155.4460214990397,246.25205000000005,3,242.08920429980793
25,1024,9,738.5924986008407,46.57381699999996,2,158.71849972016815
25,1024,10,609.2471164379109,95.73238399999991,2,132.84942328758217
25,1024,11,557.6288467188442,154.79192000000012,3,122.52576934376884
25,1024,12,805.7705531599971,120.61877000000004,2,172.15411063199943
25,1024,13,767.4103752928585,735.3661889999994,7,164.4820750585717
25,1024,16,731.4867197871974,80.35460900000089,4,157.2973439574395
25,1024,18,751.1830421799707,138.4638849999999,3,161.23660843599413
25,1024,19,779.5676376489048,150.19881500000008,3,166.91352752978096
25,1024,20,1390.7800858813262,104.24973200000011,3,289.1560171762652
26,1025,2,712.5336762277442,383.8886699999998,3,153.50673524554884
26,1025,4,1082.7225062885013,41.18146300000001,4,227.54450125770026
26,1025,6,855.1464361199546,47.14424400000007,2,182.02928722399093
26,1025,7,985.5887039137643,76.54266699999994,2,208.11774078275286
26,1025,8,723.3941905037806,144.986985,2,155.6788381007561
26,1025,11,972.1828948820605,601.8467999999998,2,205.4365789764121
26,1025,12,150.65301373947386,141.47729200000003,2,41.13060274789477
26,1025,15,1135.7166272662262,47.81115399999999,3,238.14332545324524
26,1025,16,294.3220768339246,46.14613499999996,3,69.86441536678493
26,1025,18,1021.6102144733628,46.87340999999992,2,215.32204289467256
26,1025,20,568.2871122850905,123.52500099999997,2,124.6574224570181
27,1026,7,447.43797455809647,59.30134999999973,2,100.4875949116193
27,1026,8,748.5061978197111,108.31274800000006,2,160.70123956394224
27,1026,9,1284.706510375028,610.4094100000002,2,267.94130207500564
27,1026,10,788.6408044865799,83.44287299999996,2,168.72816089731597
27,1026,13,743.5885955112473,119.4918889999999,2,159.71771910224945
27,1026,14,948.0927361613666,32.98663699999997,2,200.61854723227333
27,1026,16,1018.3552332236374,64.60669099999996,2,214.67104664472748
27,1026,17,373.6053659868494,52.62762900000007,2,85.72107319736988
27,1026,19,1052.909766809268,175.8359919999998,3,221.58195336185358
27,1026,20,534.1441190675584,117.82973199999992,2,117.82882381351169
28,1027,1,994.6355051417597,99.82096299999989,2,209.92710102835196
28,1027,3,406.51764750026547,145.99089300000014,2,92.30352950005309
28,1027,4,1379.3594893717498,147.148367,2,286.87189787434994
28,1027,7,227.78568612597994,186.7968820000001,2,56.55713722519599
28,1027,8,875.0414783691402,196.71533999999974,2,186.00829567382806
28,1027,10,1147.8671929028205,95.34123,2,240.5734385805641
28,1027,12,846.7308717733881,51.351092999999764,2,180.34617435467763
28,1027,13,1299.1525293011928,172.385448,2,270.83050586023853
28,1027,16,440.76516903293043,130.26134000000002,2,99.15303380658608
28,1027,18,960.1923650788899,500.2662170000003,2,203.03847301577798
29,1028,1,992.5579034802614,45.84312,3,209.51158069605228
29,1028,2,1066.762098284009,55.6302740000001,3,224.3524196568018
29,1028,4,574.6822518571682,117.41098399999987,2,125.93645037143365
29,1028,6,932.7830170483638,167.872161,2,197.55660340967276
29,1028,7,640.8571860097004,220.67982200000006,2,139.17143720194008
29,1028,9,749.4768264062201,114.16597999999999,2,160.895365281244
29,1028,11,891.2616941133382,63.30691499999966,2,189.25233882266764
29,1028,13,586.312756789683,118.7016679999997,2,128.26255135793662
29,1028,14,746.7037576372131,123.57295699999997,2,160.34075152744262
29,1028,15,877.7149064161321,77.08414600000003,2,186.54298128322642
29,1028,17,414.8987498026098,263.80781,2,93.97974996052196
29,1028,18,688.5941358634392,59.26805999999988,2,148.71882717268784
29,1028,20,890.3120679072297,476.562136,2,189.06241358144592
30,1029,2,940.8011206871925,104.74963099999968,3,199.1602241374385
30,1029,3,1137.5952381663972,111.76992999999993,2,238.51904763327943
30,1029,5,363.9853379848812,148.17167300000028,2,83.79706759697623
30,1029,6,901.8919324782447,45.368809,2,191.37838649564895
30,1029,7,461.932651002453,125.34794500000004,4,103.3865302004906
30,1029,10,1154.6443292286092,90.428631,3,241.92886584572184
30,1029,11,1078.9859972065772,48.73647200000005,3,226.79719944131543
30,1029,13,323.0666063550193,75.105591,2,75.61332127100385
30,1029,14,987.1990910878474,83.78230900000017,2,208.43981821756947
30,1029,15,732.6690662146465,201.40199699999994,10,157.53381324292928
30,1029,16,991.5674483542277,95.80402800000002,3,209.31348967084554
30,1029,17,511.0235155675081,419.84302899999966,7,113.20470311350162
30,1029,18,1310.6948688320133,79.89901700000007,2,273.13897376640267
30,1029,19,300.22782053943814,31.035291999999913,2,71.04556410788763
